D61,D72,D76,D91,D107,D127,D146,D166,D32,D46,MODEL
,O,,O,O,O,,,,,100 100 04 12
,O,,O,O,O,,,,,100 120 04 12
,O,,O,O,O,,,,,100 150 04 12
,O,,O,O,O,,,,,100 172 04 12
,O,,O,O,O,,,,,100 200 04 12
O,,O,O,O,O,O,O,,,100 150 07 12
O,,O,O,O,O,O,O,,,100 175 07 12
O,,O,O,O,O,O,O,,,100 210 07 12
O,,O,O,O,O,O,O,,,100 260 07 12
O,,O,O,O,O,O,O,,,100 300 07 12
O,,O,O,O,O,O,O,,,100 350 07 12
,,,O,O,O,O,,,,100 100 04 18
,,,O,O,O,O,,,,100 120 04 18
,,,O,O,O,O,,,,100 150 04 18
,,,O,O,O,O,,,,100 172 04 18
,,,O,O,O,O,,,,100 200 04 18
,,,O,O,O,O,,,,100 240 04 18
,O,,O,O,O,O,O,,,100 150 06 18
,O,,O,O,O,O,O,,,100 180 06 18
,O,,O,O,O,O,O,,,100 222 06 18
,O,,O,O,O,O,O,,,100 260 06 18
,O,,O,O,O,O,O,,,100 300 06 18
,O,,O,O,O,O,O,,,100 330 06 18
,O,,O,O,O,O,O,,,100 360 06 18
,,,O,O,O,O,O,,,100 125 05 20
,,,O,O,O,O,O,,,100 150 05 20
,,,O,O,O,O,O,,,100 185 05 20
,,,O,O,O,O,O,,,100 215 05 20
,,,O,O,O,O,O,,,100 250 05 20
,,,O,O,O,O,O,,,100 275 05 20
,,,O,O,O,O,O,,,100 300 05 20
,,,,O,O,O,O,,,100 100 04 22
,,,,O,O,O,O,,,100 120 04 22
,,,,O,O,O,O,,,100 150 04 22
,,,,O,O,O,O,,,100 172 04 22
,,,,O,O,O,O,,,100 200 04 22
,,,,O,O,O,O,,,100 220 04 22
,,,,O,O,O,O,,,100 240 04 22
O,,O,,,,,,,,100 050 02 30
O,,O,,,,,,,,100 060 02 30
O,,O,,,,,,,,100 070 02 30
O,,O,,,,,,,O,100 036 03 30
O,,O,,,,,,,O,100 050 03 30
O,,O,,,,,,,O,100 060 03 30
O,,O,,,,,,,O,100 070 03 30
O,,O,,,,,,,O,100 080 03 30
O,,O,,,,,,,O,100 090 03 30
O,,O,,,,,,,O,100 105 03 30
O,,O,O,,,,,,,100 050 03 50
O,,O,O,,,,,,,100 060 03 50
O,,O,O,,,,,,,100 070 03 50
O,,O,O,,,,,,,100 080 03 50
O,,O,O,,,,,,,100 090 03 50
O,,O,O,,,,,,,100 105 03 50
O,,O,O,,,,,,,100 115 03 50
O,,O,O,,,,,,O,100 048 04 50
O,,O,O,,,,,,O,100 060 04 50
O,,O,O,,,,,,O,100 068 04 50
O,,O,O,,,,,,O,100 085 04 50
O,,O,O,,,,,,O,100 105 04 50
O,,O,O,,,,,,O,100 115 04 50
O,,O,O,O,,,,,,100 060 04 80
O,,O,O,O,,,,,,100 068 04 80
O,,O,O,O,,,,,,100 085 04 80
O,,O,O,O,,,,,,100 095 04 80
O,,O,O,O,,,,,,100 105 04 80
O,,O,O,O,,,,,,100 120 04 80
O,,O,O,O,,,,,,100 130 04 80
O,,O,O,O,,,,,,100 150 04 80
O,,O,O,O,,,,,,100 170 04 80
O,,O,O,O,,,,,,100 200 04 80
O,,O,O,O,,,,,O,100 050 05 50
O,,O,O,O,,,,,O,100 070 05 50
O,,O,O,O,,,,,O,100 085 05 50
O,,O,O,O,,,,,O,100 105 05 50
O,,O,O,O,,,,,O,100 115 05 50
O,,O,O,O,,,,,O,100 125 05 50
O,,O,O,O,,,,,O,100 150 05 50
O,,O,O,O,,,,,O,100 185 05 50
O,,O,O,O,,,,O,O,100 060 06 50
O,,O,O,O,,,,O,O,100 085 06 50
O,,O,O,O,,,,O,O,100 105 06 50
O,,O,O,O,,,,O,O,100 115 06 50
O,,O,O,O,,,,O,O,100 125 06 50
O,,O,O,O,O,,,,,100 100 05 90
O,,O,O,O,O,,,,,100 125 05 90
O,,O,O,O,O,,,,,100 150 05 90
O,,O,O,O,O,,,,,100 170 05 90
O,,O,O,O,O,,,,,100 185 05 90
O,,O,O,O,O,,,,,100 215 05 90
O,,O,O,O,O,,,,,100 250 05 90
O,,O,O,O,O,O,,,,100 150 06 10
O,,O,O,O,O,O,,,,100 170 06 10
O,,O,O,O,O,O,,,,100 190 06 10
O,,O,O,O,O,O,,,,100 230 06 10
O,,O,O,O,O,O,,,,100 260 06 10
,,O,O,O,O,O,,,,100 100 05 12
,,O,O,O,O,O,,,,100 125 05 12
,,O,O,O,O,O,,,,100 150 05 12
,,O,O,O,O,O,,,,100 185 05 12
,,O,O,O,O,O,,,,100 215 05 12
,,O,O,O,O,O,,,,100 260 05 12
O,,O,,,,,,,,100 050 20 30
O,,O,,,,,,,,100 060 20 30
O,,O,,,,,,,,100 070 20 30
O,,O,,,,,,,O,100 050 30 30
O,,O,,,,,,,O,100 060 30 30
O,,O,,,,,,,O,100 070 30 30
O,,O,,,,,,,O,100 080 30 30
O,,O,,,,,,,O,100 090 30 30
O,,O,O,,,,,,,100 050 30 50
O,,O,O,,,,,,,100 060 30 50
O,,O,O,,,,,,,100 070 30 50
O,,O,O,,,,,,,100 080 30 50
O,,O,O,,,,,,,100 090 30 50
O,,O,O,,,,,,,100 105 30 50
O,,O,O,,,,,,,100 115 30 50
O,,O,O,,,,,,O,100 048 40 50
O,,O,O,,,,,,O,100 060 40 50
O,,O,O,,,,,,O,100 068 40 50
O,,O,O,,,,,,O,100 085 40 50
O,,O,O,,,,,,O,100 105 40 50
O,,O,O,,,,,,O,100 115 40 50
O,,O,O,O,,,,,,100 060 40 80
O,,O,O,O,,,,,,100 068 40 80
O,,O,O,O,,,,,,100 085 40 80
O,,O,O,O,,,,,,100 095 40 80
O,,O,O,O,,,,,,100 105 40 80
O,,O,O,O,,,,,,100 120 40 80
O,,O,O,O,,,,,,100 130 40 80
O,,O,O,O,,,,,,100 150 40 80
O,,O,O,O,,,,,,100 170 40 80
O,,O,O,O,,,,,O,100 050 50 50
O,,O,O,O,,,,,O,100 070 50 50
O,,O,O,O,,,,,O,100 085 50 50
O,,O,O,O,,,,,O,100 115 50 50
O,,O,O,O,,,,,O,100 125 50 50
O,,O,O,O,,,,,O,100 150 50 50
O,,O,O,O,,,,,O,100 185 50 50
O,,O,O,O,O,,,,,100 100 50 90
O,,O,O,O,O,,,,,100 125 50 90
O,,O,O,O,O,,,,,100 150 50 90
O,,O,O,O,O,,,,,100 185 50 90
O,,O,O,O,O,,,,,100 215 50 90
O,,O,O,O,O,,,,,100 250 50 90
O,,O,,,,,,,,135 050 02 30
O,,O,,,,,,,,135 060 02 30
O,,O,,,,,,,,135 070 02 30
O,,O,,,,,,,O,135 036 03 30
O,,O,,,,,,,O,135 050 03 30
O,,O,,,,,,,O,135 060 03 30
O,,O,,,,,,,O,135 070 03 30
O,,O,,,,,,,O,135 080 03 30
O,,O,,,,,,,O,135 090 03 30
O,,O,,,,,,,O,135 105 03 30
O,,O,O,,,,,,,135 050 03 50
O,,O,O,,,,,,,135 060 03 50
O,,O,O,,,,,,,135 070 03 50
O,,O,O,,,,,,,135 080 03 50
O,,O,O,,,,,,,135 090 03 50
O,,O,O,,,,,,,135 105 03 50
O,,O,O,,,,,,,135 115 03 50
O,,O,O,,,,,,O,135 048 04 50
O,,O,O,,,,,,O,135 060 04 50
O,,O,O,,,,,,O,135 068 04 50
O,,O,O,,,,,,O,135 085 04 50
O,,O,O,,,,,,O,135 105 04 50
O,,O,O,,,,,,O,135 115 04 50
O,,O,O,O,,,,,,135 060 04 80
O,,O,O,O,,,,,,135 068 04 80
O,,O,O,O,,,,,,135 085 04 80
O,,O,O,O,,,,,,135 095 04 80
O,,O,O,O,,,,,,135 105 04 80
O,,O,O,O,,,,,,135 120 04 80
O,,O,O,O,,,,,,135 130 04 80
O,,O,O,O,,,,,,135 150 04 80
O,,O,O,O,,,,,,135 170 04 80
O,,O,O,O,,,,,,135 200 04 80
O,,O,O,O,,,,,O,135 050 05 50
O,,O,O,O,,,,,O,135 070 05 50
O,,O,O,O,,,,,O,135 085 05 50
O,,O,O,O,,,,,O,135 105 05 50
O,,O,O,O,,,,,O,135 115 05 50
O,,O,O,O,,,,,O,135 125 05 50
O,,O,O,O,,,,,O,135 150 05 50
O,,O,O,O,,,,,O,135 185 05 50
O,,O,O,O,,,,O,O,135 060 06 50
O,,O,O,O,,,,O,O,135 085 06 50
O,,O,O,O,,,,O,O,135 105 06 50
O,,O,O,O,,,,O,O,135 115 06 50
O,,O,O,O,,,,O,O,135 125 06 50
O,,O,O,O,O,,,,,135 100 05 90
O,,O,O,O,O,,,,,135 125 05 90
O,,O,O,O,O,,,,,135 150 05 90
O,,O,O,O,O,,,,,135 170 05 90
O,,O,O,O,O,,,,,135 185 05 90
O,,O,O,O,O,,,,,135 215 05 90
O,,O,O,O,O,,,,,135 250 05 90
O,,O,O,O,O,O,,,,135 150 06 10
O,,O,O,O,O,O,,,,135 170 06 10
O,,O,O,O,O,O,,,,135 190 06 10
O,,O,O,O,O,O,,,,135 230 06 10
O,,O,O,O,O,O,,,,135 260 06 10
,,O,O,O,O,O,,,,135 100 05 12
,,O,O,O,O,O,,,,135 125 05 12
,,O,O,O,O,O,,,,135 150 05 12
,,O,O,O,O,O,,,,135 185 05 12
,,O,O,O,O,O,,,,135 215 05 12
,,O,O,O,O,O,,,,135 260 05 12
O,,O,,,,,,,,101 050 21 30
O,,O,,,,,,,,101 060 21 30
O,,O,,,,,,,,101 070 21 30
O,,O,,,,,,,,101 050 31 30
O,,O,,,,,,,,101 060 31 30
O,,O,,,,,,,,101 070 31 30
O,,O,,,,,,,,101 080 31 30
O,,O,,,,,,,,101 090 31 30
O,,O,,,,,,,,101 105 31 30
O,,O,O,,,,,,,101 050 31 50
O,,O,O,,,,,,,101 060 31 50
O,,O,O,,,,,,,101 070 31 50
O,,O,O,,,,,,,101 080 31 50
O,,O,O,,,,,,,101 090 31 50
O,,O,O,,,,,,,101 105 31 50
O,,O,O,,,,,,,101 115 31 50
O,,O,O,,,,,,,101 048 41 50
O,,O,O,,,,,,,101 060 41 50
O,,O,O,,,,,,,101 068 41 50
O,,O,O,,,,,,,101 085 41 50
O,,O,O,,,,,,,101 105 41 50
O,,O,O,,,,,,,101 115 41 50
O,,O,O,O,,,,,,101 060 41 80
O,,O,O,O,,,,,,101 068 41 80
O,,O,O,O,,,,,,101 085 41 80
O,,O,O,O,,,,,,101 095 41 80
O,,O,O,O,,,,,,101 105 41 80
O,,O,O,O,,,,,,101 120 41 80
O,,O,O,O,,,,,,101 130 41 80
O,,O,O,O,,,,,,101 150 41 80
O,,O,O,O,,,,,,101 170 41 80
O,,O,O,O,,,,,,101 050 51 50
O,,O,O,O,,,,,,101 070 51 50
O,,O,O,O,,,,,,101 085 51 50
O,,O,O,O,,,,,,101 115 51 50
O,,O,O,O,,,,,,101 125 51 50
O,,O,O,O,,,,,,101 150 51 50
O,,O,O,O,O,,,,,101 100 51 90
O,,O,O,O,O,,,,,101 125 51 90
O,,O,O,O,O,,,,,101 150 51 90
O,,O,O,O,O,,,,,101 185 51 90
O,,O,O,O,O,,,,,101 215 51 90
