D61,D72,D76,D91,D107,D127,D146,D166,D32,D46,MODELS
,O,,O,O,O,,,,,100 100 04 12
,O,,O,O,O,,,,,100 120 04 12
,O,,O,O,O,,,,,100 150 04 12
,O,,O,O,O,,,,,100 172 04 12
,O,,O,O,O,,,,,100 200 04 12
O,,O,O,O,O,O,O,,,100 150 07 12
O,,O,O,O,O,O,O,,,100 175 07 12
O,,O,O,O,O,O,O,,,100 210 07 12
O,,O,O,O,O,O,O,,,100 260 07 12
O,,O,O,O,O,O,O,,,100 300 07 12
O,,O,O,O,O,O,O,,,100 350 07 12
,,,O,O,O,O,,,,100 100 04 18
,,,O,O,O,O,,,,100 120 04 18
,,,O,O,O,O,,,,100 150 04 18
,,,O,O,O,O,,,,100 172 04 18
,,,O,O,O,O,,,,100 200 04 18
,,,O,O,O,O,,,,100 240 04 18
,O,,O,O,O,O,O,,,100 150 06 18
,O,,O,O,O,O,O,,,100 180 06 18
,O,,O,O,O,O,O,,,100 222 06 18
,O,,O,O,O,O,O,,,100 260 06 18
,O,,O,O,O,O,O,,,100 300 06 18
,O,,O,O,O,O,O,,,100 330 06 18
,O,,O,O,O,O,O,,,100 360 06 18
,,,O,O,O,O,O,,,100 125 05 20
,,,O,O,O,O,O,,,100 150 05 20
,,,O,O,O,O,O,,,100 185 05 20
,,,O,O,O,O,O,,,100 215 05 20
,,,O,O,O,O,O,,,100 250 05 20
,,,O,O,O,O,O,,,100 275 05 20
,,,O,O,O,O,O,,,100 300 05 20
,,,,O,O,O,O,,,100 100 04 22
,,,,O,O,O,O,,,100 120 04 22
,,,,O,O,O,O,,,100 150 04 22
,,,,O,O,O,O,,,100 172 04 22
,,,,O,O,O,O,,,100 200 04 22
,,,,O,O,O,O,,,100 220 04 22
,,,,O,O,O,O,,,100 240 04 22
