CODE,DESCRIPTION,32,46,61,76,91,107,127,146,PRODUCTS
135 050 02 30,50-02-30Q,,,O,O,,,,,CILINDRI A SFERA SERIE Q
135 060 02 30,60-02-30Q,,,O,O,,,,,CILINDRI A SFERA SERIE Q
135 070 02 30,70-02-30Q,,,O,O,,,,,CILINDRI A SFERA SERIE Q
135 036 03 30,36-03-30Q,,O,O,O,,,,,CILINDRI A SFERA SERIE Q
135 050 03 30,50-03-30Q,,O,O,O,,,,,CILINDRI A SFERA SERIE Q
135 060 03 30,60-03-30Q,,O,O,O,,,,,CILINDRI A SFERA SERIE Q
135 070 03 30,70-03-30Q,,O,O,O,,,,,CILINDRI A SFERA SERIE Q
135 080 03 30,80-03-30Q,,O,O,O,,,,,CILINDRI A SFERA SERIE Q
135 090 03 30,90-03-30Q,,O,O,O,,,,,CILINDRI A SFERA SERIE Q
135 105 03 30,105-03-30Q,,O,O,O,,,,,CILINDRI A SFERA SERIE Q
135 050 03 50,50-03-50Q,,,O,O,O,,,,CILINDRI A SFERA SERIE Q
135 060 03 50,60-03-50Q,,,O,O,O,,,,CILINDRI A SFERA SERIE Q
135 070 03 50,70-03-50Q,,,O,O,O,,,,CILINDRI A SFERA SERIE Q
135 080 03 50,80-03-50Q,,,O,O,O,,,,CILINDRI A SFERA SERIE Q
135 090 03 50,90-03-50Q,,,O,O,O,,,,CILINDRI A SFERA SERIE Q
135 105 03 50,105-03-50Q,,,O,O,O,,,,CILINDRI A SFERA SERIE Q
135 115 03 50,115-03-50Q,,,O,O,O,,,,CILINDRI A SFERA SERIE Q
135 048 04 50,48-04-50Q,,O,O,O,O,,,,CILINDRI A SFERA SERIE Q
135 060 04 50,60-04-50Q,,O,O,O,O,,,,CILINDRI A SFERA SERIE Q
135 068 04 50,68-04-50Q,,O,O,O,O,,,,CILINDRI A SFERA SERIE Q
135 085 04 50,85-04-50Q,,O,O,O,O,,,,CILINDRI A SFERA SERIE Q
135 105 04 50,105-04-50Q,,O,O,O,O,,,,CILINDRI A SFERA SERIE Q
135 115 04 50,115-04-50Q,,O,O,O,O,,,,CILINDRI A SFERA SERIE Q
135 060 04 80,60-04-80Q,,,O,O,O,O,,,CILINDRI A SFERA SERIE Q
135 068 04 80,68-04-80Q,,,O,O,O,O,,,CILINDRI A SFERA SERIE Q
135 085 04 80,85-04-80Q,,,O,O,O,O,,,CILINDRI A SFERA SERIE Q
135 095 04 80,95-04-80Q,,,O,O,O,O,,,CILINDRI A SFERA SERIE Q
135 105 04 80,105-04-80Q,,,O,O,O,O,,,CILINDRI A SFERA SERIE Q
135 120 04 80,120-04-80Q,,,O,O,O,O,,,CILINDRI A SFERA SERIE Q
135 130 04 80,130-04-80Q,,,O,O,O,O,,,CILINDRI A SFERA SERIE Q
135 150 04 80,150-04-80Q,,,O,O,O,O,,,CILINDRI A SFERA SERIE Q
135 170 04 80,170-04-80Q,,,O,O,O,O,,,CILINDRI A SFERA SERIE Q
135 200 04 80,200-04-80Q,,,O,O,O,O,,,CILINDRI A SFERA SERIE Q
135 050 05 50,50-05-50Q,,O,O,O,O,O,,,CILINDRI A SFERA SERIE Q
135 070 05 50,70-05-50Q,,O,O,O,O,O,,,CILINDRI A SFERA SERIE Q
135 085 05 50,85-05-50Q,,O,O,O,O,O,,,CILINDRI A SFERA SERIE Q
135 105 05 50,105-05-50Q,,O,O,O,O,O,,,CILINDRI A SFERA SERIE Q
135 115 05 50,115-05-50Q,,O,O,O,O,O,,,CILINDRI A SFERA SERIE Q
135 125 05 50,125-05-50Q,,O,O,O,O,O,,,CILINDRI A SFERA SERIE Q
135 150 05 50,150-05-50Q,,O,O,O,O,O,,,CILINDRI A SFERA SERIE Q
135 185 05 50,185-05-50Q,,O,O,O,O,O,,,CILINDRI A SFERA SERIE Q
135 060 06 50,60-06-50Q,O,O,O,O,O,O,,,CILINDRI A SFERA SERIE Q
135 085 06 50,85-06-50Q,O,O,O,O,O,O,,,CILINDRI A SFERA SERIE Q
135 105 06 50,105-06-50Q,O,O,O,O,O,O,,,CILINDRI A SFERA SERIE Q
135 115 06 50,115-06-50Q,O,O,O,O,O,O,,,CILINDRI A SFERA SERIE Q
135 125 06 50,125-06-50Q,O,O,O,O,O,O,,,CILINDRI A SFERA SERIE Q
135 100 05 90,100-05-90Q,,,O,O,O,O,O,,CILINDRI A SFERA SERIE Q
135 125 05 90,125-05-90Q,,,O,O,O,O,O,,CILINDRI A SFERA SERIE Q
135 150 05 90,150-05-90Q,,,O,O,O,O,O,,CILINDRI A SFERA SERIE Q
135 170 05 90,170-05-90Q,,,O,O,O,O,O,,CILINDRI A SFERA SERIE Q
135 185 05 90,185-05-90Q,,,O,O,O,O,O,,CILINDRI A SFERA SERIE Q
135 215 05 90,215-05-90Q,,,O,O,O,O,O,,CILINDRI A SFERA SERIE Q
135 250 05 90,250-05-90Q,,,O,O,O,O,O,,CILINDRI A SFERA SERIE Q
135 150 06 10,150-06-100Q,,,O,O,O,O,O,O,CILINDRI A SFERA SERIE Q
135 170 06 10,170-06-100Q,,,O,O,O,O,O,O,CILINDRI A SFERA SERIE Q
135 190 06 10,190-06-100Q,,,O,O,O,O,O,O,CILINDRI A SFERA SERIE Q
135 230 06 10,230-06-100Q,,,O,O,O,O,O,O,CILINDRI A SFERA SERIE Q
135 260 06 10,260-06-100Q,,,O,O,O,O,O,O,CILINDRI A SFERA SERIE Q
135 100 05 12,100-05-120Q,,,,O,O,O,O,O,CILINDRI A SFERA SERIE Q
135 125 05 12,125-05-120Q,,,,O,O,O,O,O,CILINDRI A SFERA SERIE Q
135 150 05 12,150-05-120Q,,,,O,O,O,O,O,CILINDRI A SFERA SERIE Q
135 185 05 12,185-05-120Q,,,,O,O,O,O,O,CILINDRI A SFERA SERIE Q
135 215 05 12,215-05-120Q,,,,O,O,O,O,O,CILINDRI A SFERA SERIE Q
135 260 05 12,260-05-120Q,,,,O,O,O,O,O,CILINDRI A SFERA SERIE Q